Accession,public_names,Country,Genotype,entirety,Length,Protein,Collection_Date
ATO74545.1,Viet Nam(2013)_1,Viet Nam,A,complete,2332,polyprotein,2013-10-16
ATO74542.1,Malaysia(2013)_2,Malaysia,A,complete,2332,polyprotein,2013-11-25
ATO74540.1,Laos(2014)_3,Laos,A,complete,2332,polyprotein,2014-02-20
UPG19539.1,Viet Nam_partial(2014)_4,Viet Nam,,partial,2332,polyprotein,2014-04-24
UPG19532.1,Viet Nam_partial(2014)_5,Viet Nam,,partial,2332,polyprotein,2014-06-05
BCG66970.1,Thailand(2013)_6,Thailand,A,complete,2332,polyprotein,2013
BCG66971.1,Thailand(2013)_7,Thailand,A,complete,2332,polyprotein,2013
BCG66974.1,Thailand(2014)_8,Thailand,A,complete,2332,polyprotein,2014
ATO74544.1,Thailand(2014)_9,Thailand,A,complete,2332,polyprotein,2014-01-16
BCG66973.1,Thailand(2014)_10,Thailand,A,complete,2332,polyprotein,2014
UPG19716.1,Viet Nam(2019)_11,Viet Nam,,complete,2332,polyprotein,2019-06-01
WEB05531.1,Viet Nam_partial(2015)_12,Viet Nam,,partial,2332,polyprotein,2015-08-26
UPG19555.1,Viet Nam_partial(2017)_13,Viet Nam,,partial,734,polyprotein,2017-06-14
UPG19577.1,Viet Nam_partial(2017)_14,Viet Nam,,partial,734,polyprotein,2017-06-15
UPG19592.1,Viet Nam_partial(2017)_15,Viet Nam,,partial,734,polyprotein,2017-11-21
UPG19536.1,Viet Nam_partial(2015)_16,Viet Nam,,partial,2332,polyprotein,2015-09-21
UPG19714.1,Viet Nam(2016)_17,Viet Nam,,complete,2331,polyprotein,2016-10-13
UPG19533.1,Viet Nam_partial(2015)_18,Viet Nam,,partial,2332,polyprotein,2015-09-10
WES72267.1,Viet Nam_partial(2017)_19,Viet Nam,A,partial,2332,polyprotein,2017-10-12
UPG19616.1,Viet Nam_partial(2017)_20,Viet Nam,,partial,734,polyprotein,2017-10-31
UPG19554.1,Viet Nam_partial(2017)_21,Viet Nam,,partial,727,polyprotein,2017-06-15
UPG19615.1,Viet Nam_partial(2018)_22,Viet Nam,,partial,734,polyprotein,2018-01-24
UPG19576.1,Viet Nam_partial(2017)_23,Viet Nam,,partial,734,polyprotein,2017-06-15
WES72337.1,Viet Nam_partial(2017)_24,Viet Nam,A,partial,951,polyprotein,2017-10-12
UPG19556.1,Viet Nam_partial(2017)_25,Viet Nam,,partial,709,polyprotein,2017-07-04
UPG19558.1,Viet Nam_partial(2017)_26,Viet Nam,,partial,734,polyprotein,2017-07-20
WJL97496.1,Thailand(2016)_27,Thailand,A,complete,2332,polyprotein,2016
UPG19725.1,Viet Nam(2019)_28,Viet Nam,,complete,2332,polyprotein,2019-02-27
UPG19723.1,Viet Nam(2019)_29,Viet Nam,,complete,2332,polyprotein,2019-02-25
UPG19724.1,Viet Nam(2019)_30,Viet Nam,,complete,2332,polyprotein,2019-02-25
UPG19722.1,Viet Nam(2019)_31,Viet Nam,,complete,2332,polyprotein,2019-02-18
UPG19721.1,Viet Nam(2019)_32,Viet Nam,,complete,2332,polyprotein,2019-02-18
UPG19719.1,Viet Nam(2019)_33,Viet Nam,,complete,2332,polyprotein,2019-05-01
UPG19718.1,Viet Nam(2019)_34,Viet Nam,,complete,2332,polyprotein,2019-06-01
UPG19720.1,Viet Nam(2019)_35,Viet Nam,,complete,2332,polyprotein,2019-06-01
UPG19717.1,Viet Nam(2019)_36,Viet Nam,,complete,2332,polyprotein,2019-05-01
WEB05516.1,Viet Nam_partial(2015)_37,Viet Nam,,partial,2332,polyprotein,2015-08-27
AEO16200.1,Viet Nam_partial(2004)_38,Viet Nam,,partial,2332,polyprotein,2004
QRI93616.1,Malaysia_partial(2007)_39,Malaysia,A,partial,736,capsid protein,2007
BCG66960.1,Thailand(2009)_40,Thailand,A,complete,2332,polyprotein,2009
AHC06107.1,South Korea(2010)_41,South Korea,A,complete,2332,polyprotein,2010-01-07
UPG19541.1,Viet Nam_partial(2014)_42,Viet Nam,,partial,2332,polyprotein,2014-04-10
BCG66959.1,Thailand(2009)_43,Thailand,A,complete,2332,polyprotein,2009
ACX54401.1,Viet Nam_partial(2009)_44,Viet Nam,A,partial,2332,polyprotein,2009-01-09
QRI93622.1,Thailand_partial(2009)_45,Thailand,A,partial,736,capsid protein,2009
QRI93629.1,Malaysia_partial(2011)_46,Malaysia,A,partial,736,capsid protein,2011
BCG66958.1,Thailand(2008)_47,Thailand,A,complete,2332,polyprotein,2008
ADV52248.1,Malaysia(2007)_48,Malaysia,A,complete,2332,polyprotein,2007-07-22
BCG66955.1,Thailand(2007)_49,Thailand,A,complete,2332,polyprotein,2007
BCG66954.1,Thailand(2007)_50,Thailand,A,complete,2332,polyprotein,2007
QRI93611.1,China_partial(2003)_51,China,A,partial,736,capsid protein,2003
AGO58327.1,Viet Nam_partial(2004)_52,Viet Nam,A,partial,734,capsid protein,2004-09-01
BCG66953.1,Thailand(2007)_53,Thailand,A,complete,2332,polyprotein,2007
AGO58320.1,Thailand_partial(2006)_54,Thailand,A,partial,735,capsid protein,2006-01-16
BCG66956.1,Thailand(2008)_55,Thailand,A,complete,2332,polyprotein,2008
BCG66957.1,Thailand(2008)_56,Thailand,A,complete,2332,polyprotein,2008
AEO16201.1,Thailand_partial(2003)_57,Thailand,,partial,948,polyprotein,2003
AEO16199.1,Thailand_partial(2001)_58,Thailand,,partial,948,polyprotein,2001
QRI93607.1,Malaysia_partial(1997)_59,Malaysia,A,partial,736,capsid protein,1997
AIM17901.1,Malaysia(1997)_60,Malaysia,A,complete,2332,polyprotein,1997
BCG66967.1,Thailand(2012)_61,Thailand,A,complete,2332,polyprotein,2012
BCG66968.1,Thailand(2012)_62,Thailand,A,complete,2325,polyprotein,2012
BCG66972.1,Thailand(2013)_63,Thailand,A,complete,2317,polyprotein,2013
ATO74541.1,Malaysia(2013)_64,Malaysia,A,complete,2332,polyprotein,2013-10-12
ATO74543.1,Malaysia(2013)_65,Malaysia,A,complete,2332,polyprotein,2013-12-26
BCG66969.1,Thailand(2012)_66,Thailand,A,complete,2324,polyprotein,2012
AJF93405.1,Viet Nam(2013)_67,Viet Nam,A,complete,2332,polyprotein,2013
BCG66964.1,Thailand(2011)_68,Thailand,A,complete,2332,polyprotein,2011
BCG66961.1,Thailand(2010)_69,Thailand,A,complete,2332,polyprotein,2010
BCG66966.1,Thailand(2011)_70,Thailand,A,complete,2332,polyprotein,2011
BCG66965.1,Thailand(2011)_71,Thailand,A,complete,2332,polyprotein,2011
BCG66963.1,Thailand(2010)_72,Thailand,A,complete,2332,polyprotein,2010
BCG66962.1,Thailand(2010)_73,Thailand,A,complete,2332,polyprotein,2010
BCG66982.1,Thailand(2016)_74,Thailand,A,complete,2332,polyprotein,2016
NA,Zabaykalsky_Krai(2014)_75,Zabaykalsky_Krai,NA,complete,NA,NA,NA
NA,Zabaykalsky_Krai(2013)_76,Zabaykalsky_Krai,NA,complete,NA,NA,NA
NA,Amur_Oblast(2013)_77,Amur_Oblast,NA,complete,NA,NA,NA
NA,Zabaykalsky_Krai(2014)_78,Zabaykalsky_Krai,NA,complete,NA,NA,NA
AMR60831.1,China(2013)_79,China,A,complete,2332,polyprotein,2013-08-15
BCG66976.1,Thailand(2015)_80,Thailand,A,complete,2332,polyprotein,2015
BCG66979.1,Thailand(2015)_81,Thailand,A,complete,2332,polyprotein,2015
BCG66981.1,Thailand(2016)_82,Thailand,A,complete,2332,polyprotein,2016
UPG19549.1,Viet Nam_partial(2016)_83,Viet Nam,,partial,734,polyprotein,2016-01-21
BCG66977.1,Thailand(2015)_84,Thailand,A,complete,2332,polyprotein,2015
BCG66975.1,Thailand(2014)_85,Thailand,A,complete,2332,polyprotein,2014
BCG66978.1,Thailand(2015)_86,Thailand,A,complete,2332,polyprotein,2015
WES72338.1,Viet Nam_partial(2017)_87,Viet Nam,A,partial,950,polyprotein,2017-02-27
BCG66980.1,Thailand(2016)_88,Thailand,A,complete,2332,polyprotein,2016
UPG19578.1,Viet Nam_partial(2017)_89,Viet Nam,,partial,734,polyprotein,2017-06-13
UPG19611.1,Viet Nam_partial(2018)_90,Viet Nam,,partial,734,polyprotein,2018-01-31
UPG19591.1,Viet Nam_partial(2017)_91,Viet Nam,,partial,734,polyprotein,2017-11-21
UPG19602.1,Viet Nam_partial(2017)_92,Viet Nam,,partial,734,polyprotein,2017-12-28
UPG19600.1,Viet Nam_partial(2017)_93,Viet Nam,,partial,734,polyprotein,2017-12-28
WES72328.1,Viet Nam_partial(2017)_94,Viet Nam,A,partial,951,polyprotein,2017-09-08
WES72336.1,Viet Nam_partial(2017)_95,Viet Nam,A,partial,825,polyprotein,2017-09-29
WES72334.1,Viet Nam_partial(2017)_96,Viet Nam,A,partial,840,polyprotein,2017-09-15
WES72326.1,Viet Nam_partial(2017)_97,Viet Nam,A,partial,951,polyprotein,2017-09-14
WES72322.1,Viet Nam_partial(2017)_98,Viet Nam,A,partial,951,polyprotein,2017-09-08
WES72329.1,Viet Nam_partial(2017)_99,Viet Nam,A,partial,951,polyprotein,2017-09-15
UPG19565.1,Viet Nam_partial(2017)_100,Viet Nam,,partial,734,polyprotein,2017-09-08
UPG19570.1,Viet Nam_partial(2017)_101,Viet Nam,,partial,734,polyprotein,2017-09-29
UPG19604.1,Viet Nam_partial(2017)_102,Viet Nam,,partial,734,polyprotein,2017-09-08
UPG19569.1,Viet Nam_partial(2017)_103,Viet Nam,,partial,734,polyprotein,2017-09-08
UPG19610.1,Viet Nam_partial(2018)_104,Viet Nam,,partial,734,polyprotein,2018-01-31
UPG19715.1,Viet Nam(2017)_105,Viet Nam,,complete,2332,polyprotein,2017-09-08
AGO58319.1,Thailand_partial(1987)_106,Thailand,A,partial,734,capsid protein,1987
QRI93604.1,Iran_partial(1987)_107,Iran,A,partial,736,capsid protein,1987
AQQ72944.1,Pakistan(2005)_108,Pakistan,A,complete,2333,polyprotein,2005-11-03
AMV49316.1,India_partial(1987)_109,India,A,partial,735,capsid protein,1987-03-01
AEE65036.1,India(1990)_110,India,A,complete,2333,polyprotein,1990
QRI93605.1,Saudi Arabia_partial(1992)_111,Saudi Arabia,A,partial,736,capsid protein,1992
AGO58305.1,Iran_partial(2003)_112,Iran,A,partial,735,capsid protein,2003-01-19
AKP95979.1,Iran_partial(1987)_113,Iran,A,partial,734,polyprotein,1987-03-11
AMV49314.1,India_partial(1990)_114,India,A,partial,737,capsid protein,1990-05-18
AMV49317.1,India_partial(1988)_115,India,A,partial,737,capsid protein,1988
WVS82051.1,India(1988)_116,India,A,complete,2333,polyprotein,1988
AMV49313.1,India_partial(1999)_117,India,A,partial,737,capsid protein,1999-12-01
AMV49174.1,India_partial(2000)_118,India,A,partial,737,capsid protein,2000-09-12
ADM16569.1,India(1982)_119,India,A,complete,2333,polyprotein,1982
AHW45752.1,Ethiopia_partial(1979)_120,Ethiopia,A,partial,1397,P2/P3 polyprotein,1979
AHW42555.1,India_partial(2000)_121,India,A,partial,737,P1,2000
AHW42556.1,India_partial(2000)_122,India,A,partial,737,P1,2000
AMV49172.1,India_partial(2000)_123,India,A,partial,737,capsid protein,2000-03-28
AMV49311.1,India_partial(1999)_124,India,A,partial,737,capsid protein,1999-12-28
ADM16568.1,India(1999)_125,India,A,complete,2333,polyprotein,1999
AEE65037.1,India(1999)_126,India,A,complete,2333,polyprotein,1999
QRI93608.1,Iran_partial(1999)_127,Iran,A,partial,736,capsid protein,1999
ABB92818.1,Turkey_partial(-)_128,Turkey,,partial,278,polyprotein,
QRI93626.1,Afghanistan_partial(2011)_129,Afghanistan,A,partial,737,capsid protein,2011
AEB02104.1,Afghanistan_partial(2009)_130,Afghanistan,A,partial,737,polyprotein,2009-04-08
AEB02102.1,Pakistan_partial(2009)_131,Pakistan,A,partial,737,polyprotein,2009-03-02
QGQ32933.1,Pakistan(2009)_132,Pakistan,A,complete,2335,polyprotein,2009-03-02
QRI93624.1,Iran_partial(2010)_133,Iran,A,partial,737,capsid protein,2010
AGO58313.1,Libya_partial(2009)_134,Libya,A,partial,735,capsid protein,2009-02-20
AGZ15283.1,Egypt(2012)_135,Egypt,A,complete,2335,polyprotein,2012-01
AER28334.1,Iraq_partial(2009)_136,Iraq,A,partial,2299,polyprotein,2009-03-01
WQN06241.1,Iraq(2017)_137,Iraq,A,complete,2335,polyprotein,2017
AEB02107.1,Afghanistan_partial(2009)_138,Afghanistan,A,partial,737,polyprotein,2009-05-23
QGQ32932.1,Afghanistan(2009)_139,Afghanistan,A,complete,2335,polyprotein,2009-05-23
AGO58324.1,Turkey_partial(2008)_140,Turkey,A,partial,735,capsid protein,2008-01-31
AGO58323.1,Turkey_partial(2006)_141,Turkey,A,partial,735,capsid protein,2006-06-23
QRI93613.1,Iran_partial(2005)_142,Iran,A,partial,737,capsid protein,2005
ABU87557.1,Pakistan_partial(2006)_143,Pakistan,,partial,2335,polyprotein,2006
AFE84725.1,Turkey_partial(-)_144,Turkey,,partial,2335,polyprotein,
AFE84728.1,Serotype_A_partial_310_partial(-)_145,Serotype_A_partial_310,,partial,951,polyprotein,
ABU87555.1,Turkey_partial(2005)_146,Turkey,,partial,2335,polyprotein,2005
ABU87556.1,Pakistan_partial(2006)_147,Pakistan,,partial,2335,polyprotein,2006
ASW25899.1,Pakistan_partial(2014)_148,Pakistan,A,partial,287,capsid protein,2014-11
ABN05227.1,Pakistan(2006)_149,Pakistan,A,complete,2336,polyprotein,2006-01
QRI93618.1,Turkey_partial(2008)_150,Turkey,A,partial,737,capsid protein,2008
QRI93625.1,Pakistan_partial(2010)_151,Pakistan,A,partial,737,capsid protein,2010
AEB02105.1,Afghanistan_partial(2009)_152,Afghanistan,A,partial,737,polyprotein,2009-05-23
AGO58306.1,Iran_partial(2003)_153,Iran,A,partial,735,capsid protein,2003-06-10
UNF16737.1,Pakistan_partial(2017)_154,Pakistan,A,partial,2333,polyprotein,2017-01
NA,Kabardino-Balkar_Republic(2013)_155,Kabardino-Balkar_Republic,NA,complete,NA,NA,NA
NA,Krasnodar_Krai(2013)_156,Krasnodar_Krai,NA,complete,NA,NA,NA
NA,Karachay-Cherkess_Republic(2013)_157,Karachay-Cherkess_Republic,NA,complete,NA,NA,NA
QRI93628.1,Turkey_partial(2011)_158,Turkey,A,partial,737,capsid protein,2011
AEB02103.1,Pakistan_partial(2009)_159,Pakistan,A,partial,737,polyprotein,2009-06-03
QRI93632.1,Turkey_partial(2012)_160,Turkey,A,partial,737,capsid protein,2012
QHU78595.1,Iran_partial(2013)_161,Iran,A,partial,254,capsid protein,2013-01-10
AIT55227.1,Turkey(2013)_162,Turkey,A,complete,2333,polyprotein,2013-02-02
QRI93621.1,Iran_partial(2009)_163,Iran,A,partial,737,capsid protein,2009
AGO58300.1,Bahrain_partial(2009)_164,Bahrain,A,partial,735,capsid protein,2009-01-14
ADR66173.1,Pakistan_partial(2009)_165,Pakistan,A,partial,949,polyprotein,2009
QRI93614.1,Iran_partial(2007)_166,Iran,A,partial,737,capsid protein,2007
UNF16738.1,Pakistan_partial(2018)_167,Pakistan,A,partial,2333,polyprotein,2018-03
UNO47085.1,Pakistan(2012)_168,Pakistan,,complete,2333,polyprotein,2012
AEB02106.1,Serotype_A_partial_629_partial(-)_169,Serotype_A_partial_629,A,partial,737,polyprotein,
ALZ40859.1,Pakistan_partial(2009)_170,Pakistan,A,partial,735,P1,2009
UNO47084.1,Pakistan(2008)_171,Pakistan,,complete,2333,polyprotein,2008
AEQ49433.1,Serotype_A_partial_732_partial(-)_172,Serotype_A_partial_732,,partial,2333,polyprotein,
UNO47080.1,Pakistan(2012)_173,Pakistan,,complete,2333,polyprotein,2012-02-21
QRI93627.1,Bahrain_partial(2011)_174,Bahrain,A,partial,737,capsid protein,2011
UNO47070.1,Pakistan(2012)_175,Pakistan,,complete,2333,polyprotein,2012-03-06
AFK93499.1,Kazakhstan_partial(2012)_176,Kazakhstan,A,partial,251,polyprotein,2012-02
UNO47069.1,Pakistan(2012)_177,Pakistan,,complete,2333,polyprotein,2012-03-06
QRI93630.1,Iran_partial(2012)_178,Iran,A,partial,737,capsid protein,2012
UNO47081.1,Pakistan(2012)_179,Pakistan,,complete,2330,polyprotein,2012-02-22
UNO47072.1,Pakistan(2012)_180,Pakistan,,complete,2330,polyprotein,2012-11-05
UNO47073.1,Pakistan(2012)_181,Pakistan,,complete,2330,polyprotein,2012-11-12
UNO47079.1,Pakistan(2012)_182,Pakistan,,complete,2330,polyprotein,2012-02-21
UNO47077.1,Pakistan(2012)_183,Pakistan,,complete,2330,polyprotein,2012-11-21
UNO47083.1,Pakistan(2012)_184,Pakistan,,complete,2330,polyprotein,2012
UNO47082.1,Pakistan(2012)_185,Pakistan,,complete,2330,polyprotein,2012-02-22
UNO47071.1,Pakistan(2012)_186,Pakistan,,complete,2330,polyprotein,2012-01-10
QRI93631.1,Pakistan_partial(2012)_187,Pakistan,A,partial,737,capsid protein,2012
UNO47078.1,Pakistan(2012)_188,Pakistan,,complete,2330,polyprotein,2012-02-15
UNO47076.1,Pakistan(2012)_189,Pakistan,,complete,2330,polyprotein,2012-02-07
UNO47074.1,Pakistan(2012)_190,Pakistan,,complete,2330,polyprotein,2012-04-02
UNO47075.1,Pakistan(2012)_191,Pakistan,,complete,2330,polyprotein,2012-07-03
ABB92822.1,Turkey_partial(-)_192,Turkey,,partial,252,polyprotein,
AGO58318.1,Thailand_partial(1960)_193,Thailand,A,partial,735,capsid protein,1960
AAT01698.1,Thailand(-)_194,Thailand,A,complete,2333,polyprotein,
QRI93609.1,Iran_partial(1999)_195,Iran,A,partial,732,capsid protein,1999
ABB92815.1,Turkey_partial(-)_196,Turkey,,partial,253,polyprotein,
ABB92820.1,Turkey_partial(-)_197,Turkey,,partial,310,polyprotein,
ABB92812.1,Turkey_partial(-)_198,Turkey,,partial,301,polyprotein,
ABB92810.1,Turkey_partial(-)_199,Turkey,,partial,341,polyprotein,
QKW90664.1,Turkey_partial(-)_200,Turkey,,partial,735,polyprotein P1,
AFE84732.1,Serotype_A_partial_1209_partial(-)_201,Serotype_A_partial_1209,,partial,2333,polyprotein,
ABB92811.1,Turkey_partial(-)_202,Turkey,,partial,341,polyprotein,
QRI93612.1,Iran_partial(2003)_203,Iran,A,partial,736,capsid protein,2003
QKW90660.1,Iran_partial(-)_204,Iran,,partial,735,polyprotein P1,
AGO58356.1,Iran_partial(1996)_205,Iran,A,partial,737,capsid protein,1996-11-13
ABG77559.1,Iran_partial(-)_206,Iran,A,partial,254,polyprotein,
ABN70733.1,Iran_partial(-)_207,Iran,,partial,257,polyprotein,
ABB92816.1,Turkey_partial(-)_208,Turkey,,partial,303,polyprotein,
AAT01734.1,Iran(-)_209,Iran,A,complete,2333,polyprotein,
QRM12771.1,Bangladesh_partial(2014)_210,Bangladesh,A,partial,281,polyprotein,2014-03-22
QRM12765.1,Bangladesh_partial(2014)_211,Bangladesh,A,partial,281,polyprotein,2014-03-14
QRM12766.1,Bangladesh_partial(2014)_212,Bangladesh,A,partial,281,polyprotein,2014-03-14
ACM68670.1,India_partial(2008)_213,India,A,partial,737,polyprotein,2008-01-14
AMV49218.1,India_partial(2011)_214,India,A,partial,737,capsid protein,2011-01-29
QKI85172.1,India(2011)_215,India,A,complete,2333,polyprotein,2011-01-29
AHW42554.1,India_partial(2006)_216,India,A,partial,737,P1,2006
AEE65045.1,India(2005)_217,India,A,complete,2333,polyprotein,2005
AMV49237.1,India_partial(2013)_218,India,A,partial,737,capsid protein,2013-02-04
AHW42568.1,India_partial(2007)_219,India,A,partial,737,P1,2007
AMV49179.1,India_partial(2002)_220,India,A,partial,737,capsid protein,2002-11-28
AMV49190.1,India_partial(2006)_221,India,A,partial,737,capsid protein,2006-01-19
AMV49195.1,India_partial(2007)_222,India,A,partial,737,capsid protein,2007-03-01
AEE65046.1,India(2006)_223,India,A,complete,2333,polyprotein,2006-02-15
AMV49184.1,India_partial(2003)_224,India,A,partial,737,capsid protein,2003
AIW82652.1,India_partial(2010)_225,India,A,partial,737,P1,2010
AHW42514.1,India_partial(2009)_226,India,A,partial,737,P1,2009
AEP82730.1,India_partial(2009)_227,India,A,partial,699,P1,2009
AEE65047.1,India(2005)_228,India,A,complete,2333,polyprotein,2005-12-22
AEE65049.1,India(2006)_229,India,A,complete,2333,polyprotein,2006-11-25
AEE65048.1,India(2005)_230,India,A,complete,2333,polyprotein,2005-12-09
QRI93606.1,Saudi Arabia_partial(1995)_231,Saudi Arabia,A,partial,737,capsid protein,1995
ACM68679.1,India_partial(1997)_232,India,A,partial,737,polyprotein,1997
AEE65044.1,India(2005)_233,India,A,complete,2333,polyprotein,2005-11-11
AMV49175.1,India_partial(1999)_234,India,A,partial,737,capsid protein,1999-05-23
AMV49312.1,India_partial(1995)_235,India,A,partial,737,capsid protein,1995-11-25
ACM68677.1,India_partial(1996)_236,India,A,partial,737,polyprotein,1996
AFN08744.1,India_partial(2000)_237,India,A,partial,662,polyprotein,2000
AMV49171.1,India_partial(2000)_238,India,A,partial,737,capsid protein,2000-01-19
AMV49170.1,India_partial(1999)_239,India,A,partial,737,capsid protein,1999-12-18
AMV49176.1,India_partial(2000)_240,India,A,partial,737,capsid protein,2000-01-18
AMV49191.1,India_partial(2006)_241,India,A,partial,737,capsid protein,2006-03-06
AHW42560.1,India_partial(2000)_242,India,A,partial,737,P1,2000
AMV49177.1,India_partial(2000)_243,India,A,partial,737,capsid protein,2000-11-30
ADM16566.1,India(2000)_244,India,A,complete,2333,polyprotein,2000
AHW42561.1,India_partial(2000)_245,India,A,partial,737,P1,2000
AHW42488.1,India_partial(2000)_246,India,A,partial,737,P1,2000
AHW42564.1,India_partial(2000)_247,India,A,partial,737,P1,2000
AHW42486.1,India_partial(2000)_248,India,A,partial,737,P1,2000
AHW42557.1,India_partial(2000)_249,India,A,partial,737,P1,2000
ADM16570.1,India(1999)_250,India,A,complete,2333,polyprotein,1999-12-29
AMV49226.1,India_partial(2012)_251,India,A,partial,737,capsid protein,2012-06-20
AMV49236.1,India_partial(2012)_252,India,A,partial,737,capsid protein,2012-02-23
AMV49225.1,India_partial(2012)_253,India,A,partial,737,capsid protein,2012-07-08
AHZ45958.1,Bangladesh(2013)_254,Bangladesh,A,complete,2332,polyprotein,2013-12-25
QND76009.1,Turkey_partial(-)_255,Turkey,,partial,736,capsid protein,
QGW52060.1,Saudi Arabia_partial(2017)_256,Saudi Arabia,A,partial,2332,polyprotein,2017-02-25
ALP48466.1,Saudi Arabia(2015)_257,Saudi Arabia,A,complete,2332,polyprotein,2015-09-02
QND76008.1,Turkey_partial(-)_258,Turkey,,partial,736,capsid protein,
QND76007.1,Turkey_partial(-)_259,Turkey,,partial,736,capsid protein,
QCP57215.1,Iran_partial(2017)_260,Iran,A,partial,364,polyprotein,2017
QHU78598.1,Iran_partial(2015)_261,Iran,A,partial,262,capsid protein,2015-11-14
AZS18886.1,Bangladesh(2016)_262,Bangladesh,A,complete,2332,polyprotein,2016-09-27
AMV49217.1,India_partial(2010)_263,India,A,partial,737,capsid protein,2010-09-17
AMV49193.1,India_partial(2006)_264,India,A,partial,737,capsid protein,2006-03-17
AMV49198.1,India_partial(2008)_265,India,A,partial,737,capsid protein,2008-03-24
AMV49189.1,India_partial(2004)_266,India,A,partial,737,capsid protein,2004
AEE65041.1,India(2004)_267,India,A,complete,2332,polyprotein,2004
ACM68674.1,India_partial(2004)_268,India,A,partial,737,polyprotein,2004
AEE65042.1,India(2004)_269,India,A,complete,2332,polyprotein,2004
AMV49178.1,India_partial(2002)_270,India,A,partial,737,capsid protein,2002-12-30
AEE65039.1,India(2003)_271,India,A,complete,2332,polyprotein,2003-03-16
QRI93610.1,Bhutan_partial(2002)_272,Bhutan,A,partial,736,capsid protein,2002
AEE65043.1,India(2005)_273,India,A,complete,2332,polyprotein,2005
AEE65038.1,India(2003)_274,India,A,complete,2332,polyprotein,2003-01-11
ACM68678.1,India_partial(2003)_275,India,A,partial,737,polyprotein,2003
AEE65040.1,India(2003)_276,India,A,complete,2332,polyprotein,2003
AMV49220.1,India_partial(2012)_277,India,A,partial,737,capsid protein,2012
AIW82650.1,India_partial(2010)_278,India,A,partial,737,P1,2010
AHW42549.1,India_partial(2010)_279,India,A,partial,736,P1,2010
AEP82733.1,India_partial(2010)_280,India,A,partial,717,P1,2010
AIW82655.1,India_partial(2010)_281,India,A,partial,736,P1,2010
AMV49201.1,India_partial(2009)_282,India,A,partial,737,capsid protein,2009
AEE65052.1,India(2009)_283,India,A,complete,2332,polyprotein,2009
AMV49215.1,India_partial(2010)_284,India,A,partial,737,capsid protein,2010-10-16
AMV49219.1,India_partial(2011)_285,India,A,partial,737,capsid protein,2011-01-29
ACM68672.1,India_partial(2007)_286,India,A,partial,737,polyprotein,2007
AEE65050.1,India(2007)_287,India,A,complete,2332,polyprotein,2007
AMV49196.1,India_partial(2007)_288,India,A,partial,737,capsid protein,2007-06-19
AMV49194.1,India_partial(2006)_289,India,A,partial,737,capsid protein,2006-04-26
AMV49200.1,India_partial(2008)_290,India,A,partial,737,capsid protein,2008-05-16
AHW42566.1,India_partial(2008)_291,India,A,partial,736,P1,2008
AMV49197.1,India_partial(2008)_292,India,A,partial,737,capsid protein,2008-02-29
ACM68675.1,India_partial(2008)_293,India,A,partial,737,polyprotein,2008-02-29
AEE65051.1,India(2008)_294,India,A,complete,2332,polyprotein,2008-05-16
AMV49315.1,India_partial(1988)_295,India,A,partial,737,capsid protein,1988
AAF75833.2,India_partial(-)_296,India,,partial,737,structural polyprotein,
ADM16567.1,India(1977)_297,India,A,complete,2333,polyprotein,1977
AAT01715.1,Turkey(-)_298,Turkey,A,complete,2333,polyprotein,
CAA52812.1,Serotype_A_partial_908_partial(-)_299,Serotype_A_partial_908,,partial,2336,unnamed protein product,
ACM79369.1,Kazakhstan_partial(1999)_300,Kazakhstan,A22,partial,2336,polyprotein,1999
ABN70731.1,Iran_partial(-)_301,Iran,,partial,258,polyprotein,
AAT01708.1,Turkey(-)_302,Turkey,A,complete,2333,polyprotein,
QKW90656.1,Iraq_partial(-)_303,Iraq,,partial,735,polyprotein P1,
ARO74643.1,Iraq_partial(1964)_304,Iraq,A,partial,2277,polyprotein,1964
CAB62582.1,Iraq_partial(-)_305,Iraq,,partial,652,capsid,
AAT01705.1,Iraq(-)_306,Iraq,A,complete,2336,polyprotein,
AGO58311.1,Kenya_partial(2003)_307,Kenya,A,partial,735,capsid protein,2003-11-18
AGO58310.1,Kenya_partial(1967)_308,Kenya,A,partial,735,capsid protein,1967-01-27
ACK86547.1,Tanzania_partial(-)_309,Tanzania,A,partial,929,polyprotein,
AWC08680.1,Zambia(1990)_310,Zambia,A,complete,2333,polyprotein,1990-05-09
ACK86546.1,Somalia_partial(-)_311,Somalia,A,partial,928,polyprotein,
QRI93639.1,Kenya_partial(2008)_312,Kenya,A,partial,737,capsid protein,2008
USF89541.1,Burundi_partial(2016)_313,Burundi,A,partial,273,VP1 protein,2016
QKW90661.1,Kenya_partial(-)_314,Kenya,,partial,735,polyprotein P1,
QDZ26485.1,Kenya(2016)_315,Kenya,,complete,2333,polyprotein,2016-10-13
QNT13147.1,Uganda(2019)_316,Uganda,A,complete,2333,polyprotein,2019-02-02
AGO58312.1,Kenya_partial(2009)_317,Kenya,A,partial,735,capsid protein,2009-03-01
WAP33848.1,Kenya(2012)_318,Kenya,A,complete,2333,polyprotein,2012-12-23
AKB09492.1,Tanzania_partial(2011)_319,Tanzania,,partial,275,capsid protein,2011-02-19
AKB09491.1,Tanzania_partial(2011)_320,Tanzania,,partial,261,capsid protein,2011-07-13
QNT13144.1,Ethiopia(2018)_321,Ethiopia,A,complete,2333,polyprotein,2018-01-05
AHW45753.1,Tanzania_partial(1980)_322,Tanzania,A,partial,1397,P2/P3 polyprotein,1980
QKW90658.1,Ethiopia_partial(-)_323,Ethiopia,,partial,735,polyprotein P1,
ACK86548.1,Ethiopia_partial(-)_324,Ethiopia,A,partial,947,polyprotein,
AGO58301.1,Egypt_partial(1972)_325,Egypt,A,partial,735,capsid protein,1972-05-13
AWC08678.1,Egypt(1972)_326,Egypt,A,complete,2333,polyprotein,1972-05-13
AGO58316.1,Sudan_partial(1977)_327,Sudan,A,partial,735,capsid protein,1977
AAT01704.1,Kenya(-)_328,Kenya,A,complete,2334,polyprotein,
WQN06239.1,Kenya(2006)_329,Kenya,A,complete,2334,polyprotein,2006
AGO58314.1,Niger_partial(1973)_330,Niger,A,partial,735,capsid protein,1973
QRI93633.1,Burkina Faso_partial(1994)_331,Burkina Faso,A,partial,736,capsid protein,1994
QKW90662.1,Mauritania_partial(-)_332,Mauritania,,partial,734,polyprotein P1,
QRI93634.1,Ghana_partial(1996)_333,Ghana,A,partial,736,capsid protein,1996
ACK86549.1,Nigeria_partial(-)_334,Nigeria,A,partial,929,polyprotein,
AWC08679.1,Chad(1973)_335,Chad,A,complete,2333,polyprotein,1973
AHW45750.1,Ethiopia_partial(1992)_336,Ethiopia,A,partial,1397,P2/P3 polyprotein,1992
AGO58325.1,Uganda_partial(1966)_337,Uganda,A,partial,735,capsid protein,1966-02-05
QRI93636.1,Ethiopia_partial(2000)_338,Ethiopia,A,partial,737,capsid protein,2000
ACK86550.1,Ethiopia_partial(-)_339,Ethiopia,A,partial,931,polyprotein,
AGO58303.1,Ethiopia_partial(2008)_340,Ethiopia,A,partial,735,capsid protein,2008-08-01
QRI93642.1,Ethiopia_partial(2009)_341,Ethiopia,A,partial,737,capsid protein,2009
QRI93641.1,Egypt_partial(2009)_342,Egypt,A,partial,737,capsid protein,2009
WQN06240.1,Egypt(2008)_343,Egypt,A,complete,2339,polyprotein,2008
AGO58302.1,Egypt_partial(2006)_344,Egypt,A,partial,735,capsid protein,2006-02-09
AFE84727.1,Egypt(-)_345,Egypt,,complete,2334,polyprotein,
ACK86551.1,Cote d'Ivoire_partial(-)_346,Cote d'Ivoire,A,partial,942,polyprotein,
ACK86552.1,Senegal_partial(-)_347,Senegal,A,partial,926,polyprotein,
AFE84726.1,Senegal_partial(-)_348,Senegal,,partial,951,polyprotein,
QKW90663.1,Sudan_partial(-)_349,Sudan,,partial,735,polyprotein P1,
BEJ51797.1,Iraq(2023)_350,Iraq,A,complete,2331,polyprotein,2023-02-15
QNN94950.1,Egypt(2016)_351,Egypt,A,complete,2331,polyprotein,2016
QNT13146.1,Sudan(2018)_352,Sudan,A,complete,2330,polyprotein,2018-03-22
QRI93637.1,Sudan_partial(2006)_353,Sudan,A,partial,737,capsid protein,2006
QNT13145.1,Ethiopia(2019)_354,Ethiopia,A,complete,2331,polyprotein,2019-03-09
WAP33847.1,Egypt(2012)_355,Egypt,A,complete,2331,polyprotein,2012-03-09
AKR16153.1,Egypt_partial(2014)_356,Egypt,A,partial,2331,polyprotein,2014
ARO74652.1,Egypt_partial(2011)_357,Egypt,A,partial,1445,polyprotein,2011
ARO74651.1,Egypt_partial(2011)_358,Egypt,A,partial,253,polyprotein,2011
AGZ15282.1,Egypt(2011)_359,Egypt,A,complete,2331,polyprotein,2011-09
QMU24195.1,Nigeria_partial(2017)_360,Nigeria,A,partial,255,VP1,2017
ACK86553.1,Eritrea_partial(-)_361,Eritrea,A,partial,933,polyprotein,
AFP55224.1,Nigeria_partial(2009)_362,Nigeria,A,partial,946,polyprotein,2009
QRI93635.1,Eritrea_partial(1998)_363,Eritrea,A,partial,737,capsid protein,1998
QRI93638.1,Mauritania_partial(2006)_364,Mauritania,A,partial,737,capsid protein,2006
AGO58321.1,Togo_partial(2005)_365,Togo,A,partial,735,capsid protein,2005-07-14
QMU24212.1,Nigeria_partial(2017)_366,Nigeria,A,partial,273,VP1,2017
AUM57512.1,Nigeria(2015)_367,Nigeria,A,complete,2331,polyprotein,2015
AQN67177.1,Nigeria_partial(2013)_368,Nigeria,A,partial,273,polyprotein,2013
AUM57510.1,Nigeria(2013)_369,Nigeria,A,complete,2331,polyprotein,2013
QRI93640.1,Nigeria_partial(2009)_370,Nigeria,A,partial,737,capsid protein,2009
QMU24196.1,Nigeria_partial(2017)_371,Nigeria,A,partial,273,polyprotein,2017
QMU24197.1,Nigeria_partial(2017)_372,Nigeria,A,partial,273,polyprotein,2017
AQV12082.1,Nigeria_partial(2015)_373,Nigeria,A,partial,273,polyprotein,2015
AYA49779.1,Algeria_partial(2017)_374,Algeria,A,partial,2330,polyprotein,2017-04
AYA43843.1,Algeria(2017)_375,Algeria,A,complete,2330,polyprotein,2017-04-09
AUM57511.1,Nigeria(2015)_376,Nigeria,A,complete,2330,polyprotein,2015
AUM57513.1,Nigeria(2015)_377,Nigeria,A,complete,2329,polyprotein,2015
AQV12076.1,Nigeria_partial(2015)_378,Nigeria,A,partial,273,polyprotein,2015
AQV12079.1,Nigeria_partial(2015)_379,Nigeria,A,partial,273,polyprotein,2015
AUM57514.1,Nigeria(2015)_380,Nigeria,A,complete,2329,polyprotein,2015
AGO58304.1,Germany_partial(1929)_381,Germany,A,partial,735,capsid protein,1929
AHW45751.1,Somalia_partial(1978)_382,Somalia,A,partial,1397,P2/P3 polyprotein,1978
WQN06242.1,Kenya(2010)_383,Kenya,A,complete,2333,polyprotein,2010
ABU87549.1,Pakistan_partial(-)_384,Pakistan,,partial,347,polyprotein,
AMV49173.1,India_partial(2000)_385,India,A,partial,733,capsid protein,2000-02-10
AWC08683.1,Uganda(1970)_386,Uganda,C,complete,2329,polyprotein,1970-03-26
AWC08681.1,Ethiopia(1971)_387,Ethiopia,C,complete,2329,polyprotein,1971
AIT55228.1,Kenya(2004)_388,Kenya,C,complete,2329,polyprotein,2004-01-07
AWC08682.1,Kenya(1967)_389,Kenya,C,complete,2329,polyprotein,1967
AAT01753.1,United Kingdom(-)_390,United Kingdom,C,complete,2327,polyprotein,
AAT01747.1,Switzerland(-)_391,Switzerland,C,complete,2327,polyprotein,
AAT01748.1,Germany(-)_392,Germany,C,complete,2327,polyprotein,
ACO40496.1,Spain(-)_393,Spain,C,complete,2327,polyprotein,
ABD67453.1,Spain(-)_394,Spain,C,complete,2188,polyprotein,
ABD67455.1,Spain(-)_395,Spain,C,complete,2327,polyprotein,
ABD67454.1,Spain(-)_396,Spain,C,complete,1994,polyprotein,
ABD67457.1,Spain(-)_397,Spain,C,complete,2010,polyprotein,
ABD67460.1,Spain(-)_398,Spain,C,complete,2010,polyprotein,
ABD67458.1,Spain(-)_399,Spain,C,complete,2327,polyprotein,
ABD67456.1,Spain(-)_400,Spain,C,complete,2188,polyprotein,
ABD67461.1,Spain(-)_401,Spain,C,complete,2327,polyprotein,
ABD67459.1,Spain(-)_402,Spain,C,complete,2188,polyprotein,
AAT01714.1,Colombia(-)_403,Colombia,A,complete,2332,polyprotein,
WQN06237.1,Uruguay(2006)_404,Uruguay,A,complete,2332,polyprotein,2006
AAA42666.1,Serotype_A_partial_1249_partial(-)_405,Serotype_A_partial_1249,,partial,720,polyprotein,
AAT01710.1,Argentina(-)_406,Argentina,A,complete,2332,polyprotein,
AAT01703.1,Russia(-)_407,Russia,A,complete,2331,polyprotein,
AAT01735.1,Italy(-)_408,Italy,A,complete,2332,polyprotein,
AAT01724.1,Germany(-)_409,Germany,A,complete,2332,polyprotein,
WQN06227.1,Argentina(1990)_410,Argentina,A,complete,2332,polyprotein,1990-07
AAT01723.1,France(-)_411,France,A,complete,2332,polyprotein,
AAT01721.1,Spain(-)_412,Spain,A,complete,2332,polyprotein,
AAT01697.1,Spain(-)_413,Spain,A,complete,2332,polyprotein,
AGO58326.1,United Kingdom_partial(1932)_414,United Kingdom,A,partial,735,capsid protein,1932
AAT01695.1,United Kingdom(-)_415,United Kingdom,A,complete,2333,polyprotein,
AAT01719.1,Germany(-)_416,Germany,A,complete,2350,polyprotein,
WQN06229.1,Israel(1969)_417,Israel,A,complete,2332,polyprotein,1969
QKW90659.1,Netherlands_partial(-)_418,Netherlands,,partial,734,polyprotein P1,
UDE22445.1,India_partial(1995)_419,India,A,partial,735,P1 protein,1995-04
AAT01694.1,Netherlands(-)_420,Netherlands,A,complete,2332,polyprotein,
AAT01702.1,Germany(-)_421,Germany,A,complete,2332,polyprotein,
AAT01722.1,Germany(-)_422,Germany,A,complete,2332,polyprotein,
AAT01720.1,Germany(-)_423,Germany,A,complete,2332,polyprotein,
AAT01717.1,Spain(-)_424,Spain,A,complete,2332,polyprotein,
WQN06228.1,Germany(1971)_425,Germany,A,complete,2332,polyprotein,1971
AAT01732.1,Argentina(-)_426,Argentina,A,complete,2332,polyprotein,
AAT01712.1,Argentina(-)_427,Argentina,A,complete,2332,polyprotein,
WQN06238.1,Argentina(2006)_428,Argentina,A,complete,2333,polyprotein,2006
ABG77560.1,Iran_partial(-)_429,Iran,A,partial,257,polyprotein,
AAT01736.1,Philippines(-)_430,Philippines,A,complete,2333,polyprotein,
AAT01700.1,Brazil(-)_431,Brazil,A,complete,2333,polyprotein,
WQN06236.1,Argentina(2003)_432,Argentina,A,complete,2333,polyprotein,2003
WQN06234.1,Brazil(1970)_433,Brazil,A,complete,2333,polyprotein,1970
AAT01701.1,Venezuela(-)_434,Venezuela,A,complete,2333,polyprotein,
AAT01725.1,Argentina(-)_435,Argentina,A,complete,2333,polyprotein,
AGO58299.1,Argentina_partial(1981)_436,Argentina,A,partial,735,capsid protein,1981
QRI93643.1,Argentina_partial(1987)_437,Argentina,A,partial,737,capsid protein,1987
QRI93644.1,Argentina_partial(2001)_438,Argentina,A,partial,737,capsid protein,2001
AMX81586.1,Argentina_partial(2001)_439,Argentina,A,partial,2333,polyprotein,2001-02-18
AMX81581.1,Argentina_partial(2001)_440,Argentina,A,partial,2333,polyprotein,2001-10-11
AMX81583.1,Argentina_partial(2001)_441,Argentina,A,partial,2333,polyprotein,2001-03-29
AMX81590.1,Argentina_partial(2001)_442,Argentina,A,partial,2333,polyprotein,2001-05-15
AAT01744.1,Uruguay(-)_443,Uruguay,A,complete,2333,polyprotein,
WQN06235.1,Argentina(2001)_444,Argentina,A,complete,2333,polyprotein,2001
AMX81593.1,Argentina_partial(2001)_445,Argentina,A,partial,2333,polyprotein,2001-03-27
AAT01729.1,Argentina(-)_446,Argentina,A,complete,2333,polyprotein,
ASM46745.1,Argentina(-)_447,Argentina,A,complete,2333,polyprotein,
QGH80811.1,Argentina(-)_448,Argentina,,complete,2333,polyprotein,
AAT01733.1,Argentina(-)_449,Argentina,A,complete,2333,polyprotein,
ASM46746.1,Argentina(-)_450,Argentina,A,complete,2333,polyprotein,
QGH80810.1,Argentina(-)_451,Argentina,,complete,2333,polyprotein,
UYI28913.1,Egypt_partial(2022)_452,Egypt,A,partial,735,polyprotein,2022
AAT01716.1,Peru(-)_453,Peru,A,complete,2333,polyprotein,
AAT01713.1,Argentina(-)_454,Argentina,A,complete,2333,polyprotein,
AAT01699.1,Brazil(-)_455,Brazil,A,complete,2333,polyprotein,
AAT01746.1,Brazil(-)_456,Brazil,A,complete,2336,polyprotein,
WQN06233.1,Brazil(2001)_457,Brazil,A,complete,2336,polyprotein,2001
AAT01731.1,Brazil(-)_458,Brazil,A,complete,2333,polyprotein,
AAT01730.1,Brazil(-)_459,Brazil,A,complete,2305,polyprotein,
AAT01737.1,Colombia(-)_460,Colombia,A,complete,2334,polyprotein,
QXP15239.1,Serotype_A_60(-)_461,Serotype_A_60,A,complete,2333,polyprotein,
CAB62583.1,Brazil_partial(-)_462,Brazil,,partial,969,polyprotein,
AAT01711.1,Brazil(-)_463,Brazil,A,complete,2333,polyprotein,
QXP15240.1,Serotype_A_61(-)_464,Serotype_A_61,A,complete,2333,polyprotein,
QXP15237.1,Serotype_A_58(-)_465,Serotype_A_58,A,complete,2333,polyprotein,
QXP15235.1,Serotype_A_56(-)_466,Serotype_A_56,A,complete,2333,polyprotein,
QXP15238.1,Serotype_A_59(-)_467,Serotype_A_59,A,complete,2333,polyprotein,
QXP15234.1,Serotype_A_55(-)_468,Serotype_A_55,A,complete,2333,polyprotein,
QWM97460.1,Serotype_A_partial_306_partial(-)_469,Serotype_A_partial_306,A,partial,2333,polyprotein,
QXP15230.1,Serotype_A_51(-)_470,Serotype_A_51,A,complete,2333,polyprotein,
